,parameter,MAP,hpd_l,hpd_u
0,l_a,2.2850871666215093,2.0378919813056604,2.5320259380422234
1,l_b,476.86011871075254,474.9241683269668,477.73267674575294
2,var,3.533600311487032,0.9808125628953648,1.0221298840898092
3,var_lik,0.0001584012909033093,0.00011531101334127952,0.00019776342172129303
