,parameter,MAP,hpd_l,hpd_u
0,l_a,17.068662091831914,16.178769898929442,19.50023073404753
1,l_b,18.994483839538464,16.144859571026167,19.49527872433956
2,var,0.6679276142279493,0.639057587841147,1.0611790262114316
3,var_lik,6.203192200831573e-05,4.112354977749116e-05,6.49918576981156e-05
