,parameter,MAP,hpd_l,hpd_u
0,l_a,4.934281019732671,4.49888077202908,5.311038702381346
1,l_b,0.5364706452699297,0.3432876273810916,0.5824822998719931
2,var,174.68615927594163,170.74280329777315,174.77933813062984
3,var_lik,22.29635765518034,18.333936480006074,28.16392688372043
