,parameter,MAP,hpd_l,hpd_u
0,l_a,15.857432694537234,16.161694369552645,19.485123715025942
1,l_b,17.71987545659058,16.212631961109043,19.555206637263144
2,var,0.8032545509528943,0.6414719980149199,1.062746700713166
3,var_lik,5.3559135982533786e-05,4.141375234692802e-05,6.537481300333853e-05
